"X","region","X08.12.2020","X09.12.2020","X10.12.2020","X11.12.2020","X12.12.2020","X13.12.2020","X14.12.2020","X15.12.2020","X16.12.2020","X17.12.2020","X18.12.2020","X19.12.2020","X20.12.2020","X21.12.2020","X22.12.2020","X23.12.2020","X24.12.2020","X25.12.2020","X26.12.2020","X27.12.2020","X28.12.2020","X29.12.2020","X30.12.2020","X31.12.2020","X01.01.2021","X02.01.2021","X03.01.2021","X04.01.2021","X05.01.2021","X06.01.2021","X07.01.2021","X08.01.2021","X09.01.2021","X10.01.2021","X11.01.2021","X12.01.2021","X13.01.2021","X14.01.2021","X15.01.2021","X16.01.2021","X17.01.2021","X18.01.2021","X19.01.2021","X20.01.2021","X21.01.2021","X22.01.2021","X23.01.2021","X24.01.2021","X25.01.2021","X26.01.2021","X27.01.2021","X28.01.2021","X29.01.2021","X30.01.2021","X31.01.2021","X01.02.2021","X02.02.2021","X03.02.2021","X04.02.2021","X05.02.2021"
1,"EM",0.0161570060217834,0.036913182611091,0.0557430532913553,0.0701580888977839,0.085116914210593,0.102177164151449,0.122011663272315,0.145118117406149,0.156159813478081,0.176289249388848,0.18534933890363,0.192962394792959,0.203395783735719,0.213838389453164,0.221267109848804,0.232585309161268,0.237571584265538,0.237571584265538,0.237571584265538,0.238262842366869,0.245553311142243,0.252364507634028,0.266115935463178,0.277286666380692,0.277286666380692,0.278696832907408,0.287720055323452,0.295406845410256,0.315480980672917,0.335665717231791,0.355601600874185,0.385869488937811,0.404496590575018,0.42985193773185,0.475696175012141,0.519632539932758,0.53755916669395,0.565771714002951,0.596371405955216,0.621763620210785,0.655709001373494,0.70519386465413,0.731857993816149,0.763047559348217,0.783287596555197,0.798384673488273,0.807020791367571,0.810670634142601,0.821647812791742,0.832440655947194,0.841961584196197,0.851187575655299,0.858478044430673,0.862634809813345,0.868063490102467,0.876800992503294,0.884524649688836,0.89189806943637,0.895013339279703,0.903133317776674
2,"EE",0,0,0,0.00232692154360471,0.00365788444986888,0.00698076463081412,0.010222157286886,0.0128569205911233,0.0164876425327011,0.0195117351224441,0.0221555525961117,0.0253607285744622,0.0288103671274326,0.0377830490329278,0.0383896783847625,0.0441300218036161,0.0599838724761914,0.0599838724761914,0.0599838724761914,0.0599838724761914,0.0714373968056076,0.0803014286779383,0.104539440243035,0.128035009914841,0.141824509957292,0.159824198784865,0.175306828510795,0.196502639147288,0.232239445888952,0.284174161741546,0.336271852643887,0.380736878716426,0.40342662730893,0.445302160924384,0.496684572441725,0.551389864140012,0.602020779594633,0.647092435019007,0.678293102876057,0.701725293361851,0.71817671921683,0.750463887405524,0.771369964620245,0.785594064795354,0.800026410867362,0.814739436191711,0.819773554394995,0.824354964126762,0.830792478591754,0.834776313141116,0.839611239616933,0.847569854546227,0.85354560637027,0.858652157928998,0.865053455716268,0.870476903205059,0.876416438351381,0.878335922270619,0.880237297850996,0.883324769626752
3,"LN",0,0,0.0139475041822617,0.0269691569091698,0.0313345962981218,0.031688012713875,0.0339677974802832,0.0391197128366861,0.0487017776299958,0.0529228638350486,0.0583435747752638,0.060518827925745,0.0788964815449135,0.0907433980166418,0.109310204083678,0.146184976025932,0.170839504296718,0.173851010374615,0.181830257057044,0.191009128474635,0.207395703695194,0.240940397015772,0.303564790348047,0.347413314381431,0.367543116991377,0.377752371480248,0.381211870197833,0.425264479767075,0.474867220372442,0.518745610581805,0.558905661881765,0.58788580797353,0.596044251711834,0.599971653853092,0.62327722650882,0.650584866745753,0.675871562408098,0.70076004239072,0.721208417544443,0.727236407396234,0.731736244577092,0.741154045402517,0.759546632109675,0.770114280710296,0.783618769948867,0.790254038712234,0.791523351191348,0.792732931318504,0.795460708724599,0.800453337809113,0.803270713743146,0.809303681290934,0.816307299558044,0.81735759341331,0.818348154916619,0.820209813219319,0.821538858050391,0.825137732255878,0.830732662555972,0.833525150010022
4,"NE",0.0170653527204107,0.0428861535578507,0.0681267116798425,0.0940304043337751,0.0940304043337751,0.0940304043337751,0.109893825715043,0.133756307387846,0.152116844740953,0.165047968113796,0.172870883295284,0.172870883295284,0.181833560953545,0.207944483148709,0.227424060024466,0.252623172238212,0.252623172238212,0.252623172238212,0.252623172238212,0.252623172238212,0.252623172238212,0.25828053871383,0.260104158676667,0.262000308978935,0.262000308978935,0.262000308978935,0.262000308978935,0.276102279259736,0.314957818240635,0.385778513956486,0.416054749930403,0.457438489314325,0.490232564214204,0.512178172630615,0.547510809410579,0.611979919687687,0.654213300190658,0.688571958126834,0.709844070534244,0.711305038799926,0.713066489900393,0.740679826269485,0.774302819334289,0.796061921163593,0.823281521404345,0.833798420621842,0.835259388887523,0.835259388887523,0.846397976728714,0.875347943638749,0.888413766213393,0.895594269817063,0.899604161439892,0.899604161439892,0.899604161439892,0.901407058448606,0.901407058448606,0.904867791787171,0.9066396043647,0.9066396043647
5,"NW",0.00547463115628126,0.00952182780862415,0.0193963159064566,0.0294163463458671,0.034247232529784,0.0355179291274076,0.044071340586301,0.0497530896902125,0.0577747118241093,0.0707671647011326,0.0792030227302899,0.0816156669310642,0.0843026024678893,0.0916300995881063,0.110718537464302,0.130725011648912,0.15025567433221,0.15025567433221,0.154829062527181,0.156849861962169,0.15788545170032,0.173609622373116,0.200193490840579,0.225825736305418,0.230365537806179,0.232850953177742,0.235336368549305,0.254895020144445,0.290821587384745,0.336701011676034,0.387237790897821,0.439308362488545,0.454209659153188,0.463143719813131,0.503430959518404,0.553290407073616,0.59485394115888,0.640330325119645,0.687737943997504,0.703859557218455,0.715049524172858,0.752717001729726,0.776149318723789,0.793043425911577,0.808426131859901,0.82219667648613,0.825465781389267,0.826826042504785,0.831410626264493,0.837243515492351,0.841184354279695,0.846994852378079,0.850118414939638,0.851562642790682,0.851926498644627,0.85403126481514,0.855078050118028,0.858559870751164,0.8629093476514,0.864297597678759
6,"SE",0.00837294609517754,0.0151116849268653,0.0230934308276939,0.0342489460471919,0.042432601725749,0.0456063710444184,0.0586547904301209,0.0690531439831371,0.0890422119782558,0.105340116849276,0.117656613290713,0.125215610594422,0.132875562786996,0.145053246256244,0.171074368861001,0.194148870647033,0.201411312964704,0.201411312964704,0.203026591186532,0.211380608240047,0.216882649683148,0.252040189730118,0.274515271863518,0.293835513719912,0.299943284496198,0.312695148895862,0.324368057920789,0.355241324871583,0.403440974623701,0.443475897738925,0.483965117854037,0.528789088509758,0.552898377906648,0.565189635625869,0.608518211990288,0.643221455037369,0.674391276974202,0.699762502481895,0.725108489267372,0.74135591669396,0.755338168801656,0.776179043671567,0.796900034610951,0.813349371815268,0.826120165256593,0.856539135207498,0.865555668719186,0.871278548981677,0.876932022758074,0.881525470201397,0.886712027616797,0.890466287546436,0.893463385809593,0.89405649578167,0.895362599656351,0.896391077586655,0.898965427252693,0.903842810320947,0.909256516236291,0.910720362124823
7,"SW",0,0,0,0.0117294809585858,0.0310381481705934,0.0359098460326636,0.0442371540784326,0.055743979741677,0.0698425130426954,0.0870849391139347,0.104870644105807,0.121792446551755,0.135873167429146,0.150817790852462,0.162369147574774,0.169218024459476,0.174276752769633,0.174276752769633,0.174276752769633,0.185231393300431,0.20320412874039,0.23065307355008,0.264790583431826,0.2892292286485,0.295793106755165,0.301412926409582,0.311031635168331,0.32476501378499,0.349355064602496,0.371905592914674,0.403905611961143,0.436573596893635,0.459391311560224,0.477346234576555,0.516836377758309,0.568759592631927,0.610396132860772,0.648523625635036,0.683560662909961,0.705434319124302,0.717520048555434,0.743054157825188,0.767350303652843,0.792367852637405,0.807802317710472,0.820279920461405,0.831973776572736,0.835732197958099,0.845724967613022,0.854346180648641,0.861488962523194,0.869148304682939,0.87441187586481,0.876780928207242,0.879078730855166,0.883068713747684,0.886105731976141,0.890514306823901,0.893399919451526,0.896873342058852
8,"WM",0.00667294487151806,0.0170971170395939,0.0361205399882311,0.0491438426173126,0.0555310674736137,0.0604804754791458,0.0632455078844709,0.0732088413183259,0.0846929425751098,0.095743855421726,0.111052918172543,0.121744376806467,0.140869184276633,0.155459338602065,0.166685370167685,0.176796171996491,0.181911481946343,0.181911481946343,0.183257131050268,0.184704164675721,0.18701757512151,0.219257852967601,0.255627245872312,0.286319105571421,0.303342488413539,0.309941699087582,0.31749023755412,0.330790043423734,0.368551169305791,0.404874478337079,0.446783152827125,0.482461287630504,0.504139141688253,0.524913751826929,0.551504146791473,0.576334137791293,0.602196407555768,0.622998668018497,0.644860857569935,0.674907543041135,0.711931326948439,0.743102458931138,0.75287224009662,0.765582172386432,0.775978694230454,0.791776246039545,0.796854688890659,0.799785623240304,0.809011614699406,0.81882747973831,0.82761106601256,0.834588164448663,0.840274914428949,0.840947738980911,0.843298016525438,0.846708223158672,0.85377748934162,0.855924997843089,0.858570212177517,0.860855972299252
9,"YH",0.00415495230169078,0.0113872632906687,0.0144542605008943,0.0172207748763343,0.0196660834628656,0.0196660834628656,0.0206297008295919,0.0254477876632233,0.0292090038365743,0.0310222623223496,0.032151663322061,0.0342135972573141,0.0371458952657392,0.0418914517599397,0.0548432980869059,0.0668833344324538,0.0747684184763108,0.0747684184763108,0.0747684184763108,0.0747684184763108,0.0747684184763108,0.0801045791630209,0.0945484781868537,0.114784442888106,0.137237763680535,0.144770557504298,0.150438285456979,0.160727232179121,0.198443008683246,0.24095614906688,0.279863495433087,0.314543359158172,0.342208502912572,0.358921565412889,0.396357582036352,0.446569299876735,0.485248693747587,0.533968358891104,0.582263203475095,0.635510834094519,0.651374255475787,0.688230029383802,0.716775898688436,0.748782501331635,0.779120906167921,0.795854691622361,0.809718347930746,0.816619091653754,0.827788763926129,0.839248557556229,0.846822797288239,0.852967153185752,0.8581582531936,0.861049105293779,0.862986701504293,0.867048400512429,0.869700938640192,0.875493004317611,0.880829165004322,0.883233027682606
